{
  "project_info": {
    "project_number": "843274687540",
    "project_id": "textilemart-7fb59",
    "storage_bucket": "textilemart-7fb59.appspot.com"
  },
  "client": [
    {
      "client_info": {
        "mobilesdk_app_id": "1:843274687540:android:97445553902c3c9262e661",
        "android_client_info": {
          "package_name": "com.example.textilemart"
        }
      },
      "oauth_client": [
        {
          "client_id": "843274687540-9j4s9qlf2gkrktg571edhbusqqe0l1v5.apps.googleusercontent.com",
          "client_type": 3
        }
      ],
      "api_key": [
        {
          "current_key": "AIzaSyAcIOCYJoZZbZsdS7MiBpNiuCwfStQwDCA"
        }
      ],
      "services": {
        "appinvite_service": {
          "other_platform_oauth_client": [
            {
              "client_id": "843274687540-9j4s9qlf2gkrktg571edhbusqqe0l1v5.apps.googleusercontent.com",
              "client_type": 3
            }
          ]
        }
      }
    }
  ],
  "configuration_version": "1"
}